{
    "loss": 0.21301385760307312,
    "accuracy": 0.935251772403717
}