{
    "loss": 0.22936399281024933,
    "accuracy": 0.9208633303642273
}