{
    "loss": 2.0903360843658447,
    "accuracy": 0.6618704795837402
}